class,Mean,Variance,Standard Deviation,Skewness,Kurtosis,Entropy,Contrast,Energy,Dissimilarity,Correlation
0,6.535339355,619.5878446,24.89152154,4.276477026,18.90057479,0.109059009,98.61397059,0.293314497,4.473345588,0.981938697
0,8.749969482,805.957634,28.38939298,3.718115626,14.46461754,0.266538307,63.85881588,0.475051296,3.220071568,0.988834396
1,7.341094971,1143.808219,33.82023387,5.061750412,26.47956316,0.001466811,81.86720593,0.031916712,5.981799798,0.978013693
1,5.958145142,959.7119849,30.9792186,5.677977409,33.42884534,0.001477124,151.229741,0.032023749,7.700918964,0.964189183
0,7.315231323,729.540579,27.01000887,4.283220908,19.07910829,0.146760596,174.988756,0.343849414,6.834688995,0.972788726
0,7.524108887,607.3952578,24.64539019,3.729886121,14.47173605,0.214085626,105.0778816,0.421587453,4.193146417,0.976484963
0,12.30441284,922.7461377,30.37673679,2.930094733,8.969347633,0.128833099,115.2031184,0.320674561,4.88032027,0.974745237
0,15.92947388,1069.950248,32.71009397,2.484002192,6.515889464,0.10765759,94.87428843,0.291321373,4.24205408,0.976774223
0,19.9216156,1166.120922,34.14851274,2.129173011,4.905844176,0.094975457,93.81892009,0.272485776,4.02716682,0.974310317
1,8.476196289,1095.785127,33.10264532,4.364999923,19.68251366,0.003001891,72.5887827,0.045685081,4.590794769,0.9678297
1,9.804611206,1114.829653,33.38906487,3.872727695,15.55286163,0.002436209,66.28546238,0.041140002,4.626763323,0.968749847
1,12.32678223,1150.677144,33.92163239,3.623977732,14.7622699,0.003768576,165.4847906,0.05132105,5.215436001,0.958601277
1,10.19346619,813.9243634,28.52935967,3.359134668,12.18166951,0.009774475,110.568643,0.083283925,3.566798419,0.946884139
0,7.156311035,413.4382213,20.3331803,3.179781353,10.28734659,0.081825463,122.4026637,0.250908149,3.552497225,0.938238115
0,5.291473389,430.9637656,20.7596668,4.369184389,19.63192044,0.354116233,46.86429128,0.555339875,2.373637072,0.987914479
1,12.77394104,988.4031722,31.43887995,3.195462275,11.10187886,0.002234181,84.66410206,0.03939601,5.033599533,0.974600383
1,15.31752014,1076.878002,32.81581938,2.8348342,8.814871887,0.004807546,102.2484151,0.058072768,5.049049049,0.959732931
0,6.24671936,459.398171,21.43357579,3.805883482,14.76742672,0.121085179,95.85850515,0.309860478,4.234020619,0.972072472
0,5.450424194,337.8792909,18.38149316,3.76510753,14.52813236,0.112746338,63.18477131,0.297823227,2.621621622,0.973650519
0,8.333740234,475.7823571,21.81243584,3.078875174,9.949499192,0.204901688,71.20957762,0.411427361,2.899784773,0.972399837
0,6.339523315,293.878381,17.14288135,3.180849338,10.43942586,0.069965444,92.84570989,0.231417756,4.117352828,0.935662144
0,1.480270386,62.09125919,7.879800708,5.944517679,36.98739834,0.132055244,86.34391534,0.324792638,3.875661376,0.912182185
0,4.506057739,280.8291594,16.75795809,4.153132904,17.76802013,0.133243102,52.55454009,0.326223047,3.011792453,0.977915273
0,6.592895508,392.2113385,19.80432626,3.438674599,12.25443475,0.204875701,73.95724138,0.411389097,2.988965517,0.971014757
0,10.96429443,619.8329251,24.89644403,2.720562968,7.775729298,0.126598302,91.60589971,0.31750518,3.771746968,0.966220222
1,7.483703613,761.8197401,27.60108223,4.368951239,20.61496996,0.001379888,83.91363636,0.03094519,5.391991342,0.965808789
0,1.119476318,66.18685309,8.135530289,7.726651463,61.79062408,0.394538601,188.909201,0.589681787,4.339588378,0.891207544
0,5.663375854,421.3915334,20.5278234,4.231537298,18.77510389,0.068329502,109.3194922,0.228934437,4.400896191,0.966815113
0,8.187423706,556.1948274,23.58378314,3.3476589,11.70520294,0.244744382,78.97602441,0.453306016,2.915431561,0.976762481
0,15.85743713,889.2102178,29.81962806,2.243091725,5.483379102,0.193005979,66.4295302,0.398237398,3.030872483,0.980139639
0,4.349365234,214.8537928,14.65789183,3.788105722,14.80847947,0.093111045,44.91455091,0.268945627,2.738738739,0.969132682
1,13.15136719,746.8114624,27.32785141,3.261718813,13.13994529,0.027340414,88.14803544,0.14182376,3.981673091,0.96595518
1,14.83332825,808.6520489,28.43680799,3.21695453,12.87437489,0.039451307,101.5851291,0.171559174,3.870763187,0.963876611
1,2.499725342,169.7747583,13.02976432,6.258172763,46.79850896,0.00637256,195.5143208,0.066628647,5.453764321,0.793971675
0,2.014083862,69.11581367,8.313592104,4.498759885,20.61956798,0.135643968,20.64767025,0.327861126,1.652329749,0.969934358
0,2.470672607,80.39369112,8.966252903,3.965196584,16.07489259,0.272505187,13.20640968,0.479623996,1.146795159,0.980842235
1,4.966384888,208.8477208,14.45156465,3.483989727,13.26190392,0.019947375,29.50135135,0.119390917,2.155405405,0.956588783
0,3.079467773,119.9855213,10.95379027,3.862674681,15.14560648,0.144366448,35.0960046,0.338391443,1.656510492,0.961676828
0,7.731384277,194.8598136,13.95921966,2.228601318,5.216356497,0.078340828,28.24707087,0.24290053,1.776589694,0.949767588
0,6.276229858,174.6927033,13.21713673,2.485536199,6.358588852,0.085651506,29.55245256,0.254149477,1.702255639,0.947647913
0,3.94354248,122.2083776,11.0547898,3.148641233,10.08342333,0.093945497,34.10879655,0.267539603,1.96006476,0.941313635
0,1.117874146,39.9919672,6.323920239,5.959684016,36.00871542,0.203139334,64.58596192,0.407704855,2.735436203,0.909452751
0,7.758163452,543.1741674,23.30609722,3.368115945,11.68005221,0.226579736,92.01083916,0.434380725,2.781818182,0.973938605
0,12.1353302,780.0252777,27.92893263,2.720866495,7.775748845,0.175298843,93.94147583,0.378112416,3.328971283,0.973854513
0,17.50057983,1031.956201,32.1240751,2.223857193,5.267139574,0.118040039,80.36826531,0.3057216,3.196632653,0.977246371
0,20.10021973,1079.82774,32.86073249,2.014287033,4.446617859,0.116310869,90.7512477,0.303220101,3.285876893,0.973051882
0,3.620681763,185.5807547,13.62280275,4.265707929,19.15060999,0.138281289,101.7637493,0.332935577,3.633057363,0.937041703
0,5.866195679,553.5010786,23.52660364,4.377248429,19.57772794,0.110860489,131.5436486,0.295623249,4.164024057,0.973575838
0,6.661819458,583.0062181,24.1455217,3.974405137,16.11979614,0.182475207,117.9190401,0.386306044,3.320411392,0.975897009
0,9.871704102,759.8420511,27.56523265,3.13876165,10.13549717,0.185190459,144.6595275,0.389446194,3.662077172,0.967065393
0,16.36895752,1098.155824,33.13843425,2.409524479,6.038080806,0.094737024,133.2393017,0.271793707,3.87949833,0.965085959
1,16.64685059,1408.228128,37.52636577,2.808576555,8.404466772,0.014825333,137.7900452,0.103487378,4.687782805,0.95917317
1,15.72087097,1485.609374,38.54360354,3.039290624,9.777729303,0.0074718,154.3261895,0.072926039,5.376640689,0.960935943
1,13.52416992,1357.276419,36.84123259,3.281467063,11.33284905,0.005722021,116.973064,0.063659197,5.133682504,0.967406542
1,6.070129395,791.1150484,28.12676747,4.988156954,25.51399257,0.022536604,192.8379289,0.128451236,5.061580882,0.964031264
0,3.875167847,214.6176179,14.64983337,4.156201057,17.61767985,0.137330892,43.0590756,0.330616435,2.575145393,0.976799306
1,1.593841553,177.4670182,13.32167475,9.007385999,85.73181058,0.003328258,193.9919192,0.048162862,7.16969697,0.915971572
1,3.763168335,379.8073078,19.48864561,5.646573994,33.20807482,0.051324941,199.156682,0.19696645,5.077682686,0.955755151
1,4.897201538,539.6138145,23.2295892,5.197141619,28.20339711,0.004555595,119.672028,0.056374003,4.923776224,0.943759305
1,8.928085327,484.8279886,22.01880988,3.233991407,11.70817545,0.003818082,37.98273777,0.051531852,3.575700935,0.959516382
0,8.625411987,325.2309131,18.03415962,2.533505695,6.741894306,0.093592808,52.39616572,0.269690311,2.891276377,0.956411893
0,2.83543396,128.5993776,11.34016656,4.375672503,19.582244,0.164158964,88.60431428,0.364318778,3.651708392,0.929534852
0,4.362121582,306.5118209,17.507479,4.561047496,21.48941844,0.090658769,86.91141833,0.265823977,4.093189964,0.970117549
0,6.264648438,417.0322682,20.42136793,3.716819508,14.43211238,0.239618947,63.42018692,0.448130339,2.803364486,0.979181074
0,17.31001282,939.7560425,30.65544067,2.280532403,5.670443964,0.063837245,98.46883173,0.220849713,4.109524847,0.964136019
0,10.19702148,554.5273093,23.54840354,2.782879498,8.144412318,0.074026977,148.8899297,0.238836403,4.880093677,0.930710884
0,4.561447144,239.1513325,15.4645185,3.937951978,16.31468051,0.08467955,161.7591398,0.256514231,4.940053763,0.903444611
0,8.344451904,851.9692182,29.18851175,3.795707108,14.58056984,0.111649653,219.0094118,0.296585948,4.224117647,0.96368329
1,1.259246826,172.2078137,13.12279748,11.56033647,140.1519532,0.036208326,1187.851111,0.164284832,16.00666667,0.86999818
0,32.97433472,2630.774546,51.29107667,1.990064117,4.263510447,0.058575116,386.9463798,0.2110359,6.379273653,0.944384262
0,3.038330078,262.5745324,16.2041517,5.865801433,36.05341297,0.196635337,339.5773956,0.402620957,7.293857494,0.92000093
0,4.963256836,259.8540077,16.11998783,3.648719545,13.72525038,0.121535001,58.17265125,0.310298059,3.115346778,0.966429903
1,12.08615112,880.7494354,29.67742299,3.485584952,14.36548876,0.003763306,87.65331715,0.051254171,4.863875405,0.965216394
0,14.551651,560.8827135,23.68296252,2.118363381,4.890460234,0.058005138,92.39438562,0.209475064,3.679881803,0.939049619
0,12.83816528,540.5816379,23.25041156,2.260164372,5.430977176,0.069103248,75.4795082,0.229672063,3.325591985,0.952015098
0,5.885696411,297.0793243,17.23598922,3.305885788,11.22601078,0.105118901,91.96255411,0.286899475,3.866233766,0.943978853
0,7.50239563,874.9507395,29.57956625,4.411945088,20.0797246,0.130429257,187.4664948,0.322751138,5.109213918,0.977112487
1,7.081207275,1126.526072,33.5637613,5.136202607,26.94673678,0.00288348,202.8146877,0.044859013,7.457103638,0.960127269
1,13.19369507,1924.05756,43.86408052,3.739343441,14.31958978,0.001732272,152.2679035,0.034703797,6.412615955,0.9610773
1,20.890625,2384.714865,48.83354242,2.845018187,8.383018192,0.004747906,190.6439181,0.057847909,6.827378563,0.957097265
1,0.770980835,164.8053249,12.83765262,16.92571392,289.7418006,0.008114281,138.7330317,0.075377064,8.552036199,0.878611129
1,6.56652832,897.3366051,29.9555772,4.794583646,23.09522537,0.005889753,45.64159605,0.064029375,3.75670904,0.76326011
0,2.441253662,222.6276609,14.92071248,6.545699509,44.21355983,0.165151629,382.3919945,0.366324029,7.164251208,0.91503127
0,11.64813232,1283.16442,35.82128445,3.416079138,11.90751655,0.15100232,228.9562333,0.348903505,4.582771536,0.972023412
0,15.3454895,1561.473495,39.51548425,2.935959201,8.914272529,0.19382036,215.7266928,0.399271459,4.196317239,0.973713301
1,4.964813232,818.551999,28.61034776,6.086602864,37.94834336,0.002107338,94.3016129,0.038253359,5.241397849,0.945807011
1,10.02033997,1851.261067,43.02628344,4.674735252,22.39178539,0.00883798,163.4886111,0.07942186,6.236388889,0.981593548
1,9.611495972,1588.09041,39.85085206,4.516749498,20.94220231,0.008884881,254.2649709,0.079630685,5.865924748,0.960357144
1,0.589263916,90.3257165,9.503984243,16.50844404,277.6103563,0.005255876,88.60504202,0.060451658,6.731092437,0.900001618
0,6.216323853,414.4277278,20.35749807,3.748090161,14.66600494,0.278168187,50.64688832,0.486218538,2.417050298,0.983140298
0,12.88148499,752.1583247,27.425505,2.57027938,6.96730521,0.125926616,103.1276992,0.31659798,3.688661654,0.966244075
0,17.99327087,980.6779312,31.31577767,2.219907987,5.267758693,0.073877495,116.1749373,0.238428655,4.185864662,0.962008263
1,6.150177002,472.1130157,21.72816181,4.046978313,17.20146838,0.005802263,88.2057732,0.06360148,4.906804124,0.92397573
1,1.560775757,170.386938,13.05323477,8.778303966,78.9645113,0.006968697,101.5269151,0.069946671,5.725672878,0.952681768
1,4.698516846,499.8728631,22.35783673,5.126724544,27.12334008,0.046110366,128.3163082,0.186252201,4.081541219,0.971592455
1,2.549179077,271.7172319,16.48384761,6.793329322,47.31649457,0.077305046,259.5997031,0.244121744,4.681345868,0.947271755
0,3.430389404,252.7919753,15.89943317,4.899935121,24.2742612,0.140147937,223.8859368,0.333847094,4.611543747,0.924588419
0,3.598403931,262.1475451,16.1909711,5.058375907,26.49788249,0.103148047,60.41137326,0.284345641,3.668481549,0.980284804
0,5.473480225,384.9993651,19.62140069,3.996640752,16.38912807,0.238675624,51.30651381,0.447084151,2.753309015,0.984076033
0,8.955795288,586.006239,24.20756574,3.134371639,10.17411974,0.153840525,74.85436744,0.352435022,3.437360265,0.97721903
0,13.53684998,811.0517734,28.47897072,2.496403878,6.470909639,0.092254538,77.636626,0.268033471,3.456775548,0.973966403
0,4.193084717,285.7092524,16.90293621,4.665084492,22.61802157,0.279734523,52.37640224,0.48771371,2.744391026,0.980323408
0,11.48036194,670.5039543,25.89409111,2.780019689,8.124329287,0.099796042,55.58259847,0.279725353,3.279129924,0.981591538
0,14.08781433,785.3280409,28.02370498,2.432014156,6.361282824,0.149782781,56.20921986,0.347515948,3.344259153,0.981933186
0,5.612884521,348.8004878,18.67620111,3.719114537,14.23864624,0.230126766,59.7534997,0.438113842,2.598701562,0.977254764
0,8.778991699,498.7857254,22.33351126,2.967606641,9.193345873,0.178183263,69.75424561,0.381468508,3.117894737,0.973068205
0,13.3475647,645.6835705,25.41030442,2.340970972,5.832816081,0.099710166,55.5514649,0.279456366,3.121171918,0.975028573
0,6.974563599,344.2528792,18.5540529,3.096396111,9.901556975,0.105128077,105.0579296,0.287295895,4.341319507,0.939482776
0,2.774856567,150.4286669,12.26493648,4.906708643,24.86044376,0.134482367,133.5039537,0.327909777,4.823143684,0.922205817
0,7.012176514,384.8544603,19.61770782,3.258037477,11.21853559,0.226728323,66.88842975,0.434744001,2.861717828,0.970590954
0,12.59513855,641.3641789,25.32516888,2.457783852,6.440771098,0.117931403,76.91257143,0.305637171,3.483885714,0.968098189
0,15.0141449,772.4437623,27.79287251,2.257087221,5.535888539,0.15011089,69.63180859,0.347745979,3.36833216,0.975187761
1,11.37875366,993.7209424,31.52333965,3.456466357,13.08913616,0.003586368,69.94760638,0.049951259,4.398670213,0.966680565
1,3.19883728,418.3556536,20.45374424,6.828070083,48.09742032,0.015322972,252.3375286,0.105150391,5.699084668,0.945977065
0,6.120391846,539.6552851,23.23048181,4.225053527,18.32289776,0.096384118,115.0500329,0.274439891,4.44634628,0.974238933
0,9.011077881,771.7476827,27.78034706,3.527202571,12.89681301,0.178439639,106.51161,0.381843492,3.614028326,0.979350765
0,13.71539307,1007.03145,31.73375884,2.798249798,8.319243283,0.141536495,117.3263528,0.337220958,4.181061394,0.974369105
1,21.98472595,2075.201501,45.55437961,2.697207207,7.763982478,0.009722308,191.1992671,0.083444519,5.724538097,0.964429428
0,8.706069946,685.8100778,26.18797583,3.421578637,12.06997832,0.094581196,274.2108844,0.271656985,5.615646259,0.930076478
0,11.75798035,1225.768446,35.01097608,3.386931155,11.83718063,0.206309357,141.1099779,0.413090168,3.824749278,0.982087856
0,2.562835693,257.699002,16.05300601,6.783792939,47.20714152,0.228044459,429.3596177,0.436150334,7.711469534,0.922724982
0,6.387268066,359.5538218,18.96190449,3.565522898,13.7695118,0.211767839,63.26013923,0.418919516,2.58277845,0.972332801
1,9.16494751,510.0730113,22.58479602,3.311302855,12.35026653,0.013845087,139.6330749,0.100044108,5.900701366,0.927621775
1,4.593551636,432.6018741,20.79908349,5.305934867,30.0649726,0.001750582,92.42005186,0.034859676,5.117257275,0.970506956
0,5.565078735,265.0445041,16.28018747,3.454136489,12.3749602,0.075255632,110.06294,0.240669349,4.457971014,0.927739867
0,2.194442749,114.3405866,10.69301579,5.399381632,30.3277675,0.101123181,112.4957393,0.281480972,3.850125313,0.923177936
0,6.128860474,529.077051,23.00167496,4.089426549,17.0087648,0.101793197,120.5410053,0.282389111,4.045304233,0.971280548
0,7.23487854,551.2336191,23.47836492,3.620586521,13.44669734,0.153633174,97.50524396,0.352139299,3.603055176,0.974686134
0,16.45599365,887.6942706,29.79419861,2.279323886,5.639642321,0.106902238,125.9048962,0.290175699,4.890163855,0.958906898
0,9.881408691,576.9892133,24.02059977,2.884311425,8.598758614,0.069546822,128.3479733,0.230801556,4.880426504,0.945668587
0,9.264556885,891.6791684,29.86099744,3.630044551,13.60387004,0.239646507,101.2209346,0.448151779,3.206542056,0.984215303
1,14.30168152,1586.085444,39.82568824,3.305134622,11.40083183,0.012440139,144.0732683,0.09473616,5.278069517,0.971442024
1,23.88195801,2166.154636,46.5419664,2.563602869,7.05826574,0.025986128,145.8549753,0.138452719,5.441238231,0.974935589
1,24.8785553,2224.076329,47.16011375,2.467619958,6.497921964,0.021594912,139.2562542,0.125772481,5.076538201,0.973441982
1,15.9591217,1748.694472,41.81739437,3.108196765,10.05104875,0.005962466,164.7203797,0.064976697,5.42309541,0.956385421
1,6.974746704,973.6228637,31.20293037,4.851818882,24.22105518,0.011507993,190.948626,0.090971276,5.589008363,0.962128573
0,6.167510986,462.6986058,21.51043016,4.18166842,18.63736622,0.084245081,220.1110215,0.255925503,5.735215054,0.937322506
0,7.396133423,818.763893,28.61405062,4.225446754,18.22528218,0.099275994,166.8733182,0.278943517,4.797833304,0.975461014
1,7.984588623,706.7566882,26.58489587,4.193246362,18.85520571,0.00131331,148.9105297,0.030190757,6.853036176,0.956598228
1,10.32516479,878.8514017,29.64542801,3.363862058,11.86446387,0.003248349,87.74760939,0.04767637,5.354679803,0.944945879
0,5.827926636,476.7889004,21.83549634,4.139853118,17.49497316,0.08790361,86.97621375,0.261368863,4.078201369,0.977227911
0,7.294036865,491.7114185,22.17456693,3.506503025,12.73689528,0.206567923,57.74706782,0.413308037,2.931837498,0.98225585
1,6.439590454,711.4022524,26.67212501,4.94578331,26.25802453,0.003682776,191.8333333,0.050998486,8.161609195,0.962898828
1,11.05682373,1089.147864,33.00224029,3.796246354,15.7711506,0.002286479,172.6872679,0.039991851,6.893633952,0.962840355
0,1.805099487,129.8376032,11.39463045,6.849384553,48.16938888,0.228247246,208.4617682,0.436312203,5.453405018,0.926456347
0,3.701797485,170.4507739,13.05567976,3.936771547,15.87963431,0.125663451,29.96191781,0.315389384,2.027123288,0.977232512
0,5.857620239,298.1756645,17.26776374,3.322329214,11.42051329,0.244682468,50.07781233,0.452887687,2.139201148,0.973508789
0,14.10484314,744.3202679,27.28223356,2.343180242,5.785302971,0.097334542,84.93264427,0.275757277,3.215159345,0.966835482
0,17.78614807,941.6780463,30.68677315,2.137299553,5.031036398,0.114726781,97.15329015,0.301175844,3.241528208,0.968268764
1,2.48399353,366.792364,19.15182404,8.111458829,67.58990468,0.002504967,43.05778192,0.04171526,4.670083877,0.974468209
1,4.979751587,852.3165603,29.19446112,6.319302144,41.24150058,0.002169761,79.59667025,0.03882071,5.579484425,0.976701483
1,5.428924561,920.9497812,30.34715442,5.983928494,36.79784005,0.004496508,196.2612613,0.05621027,6.343764817,0.96211753
1,3.50680542,520.3817385,22.81187714,6.939508859,49.93040797,0.009822648,227.0723404,0.083897185,6.648024316,0.956117155
0,4.060165405,324.4410437,18.01224705,4.711360447,22.47607119,0.107292409,303.0392817,0.290190898,5.307744108,0.909463005
0,6.300064087,661.0909882,25.71168972,4.470315736,20.46306156,0.129987345,80.63084746,0.322028256,4.191864407,0.987737703
0,21.74119568,1499.67817,38.72567843,2.228842298,5.266827853,0.060598236,81.44168134,0.214784843,3.661751761,0.981443469
0,17.82229614,1326.892894,36.42654106,2.459451412,6.278362624,0.064984647,83.05914407,0.22243166,3.727272727,0.981126598
0,11.81558228,967.0967911,31.09817987,3.007915363,9.225215069,0.075154,77.15093985,0.240029544,3.691541353,0.982771003
0,5.469528198,496.3671429,22.27929853,4.491461401,20.62530417,0.111726001,89.00949796,0.296792764,4.51458616,0.981878159
0,4.185913086,291.500919,17.07339799,4.868013255,25.85485844,0.108009771,89.77001595,0.291803468,4.059649123,0.969696078
0,6.814788818,419.166621,20.47355907,3.482500922,12.74050526,0.218627395,75.96329072,0.426279551,3.131432317,0.972146634
0,10.20521545,586.339287,24.21444377,2.898689162,8.86195098,0.142859124,72.03950769,0.338794298,3.413169231,0.974378149
0,6.046966553,518.671891,22.77436917,4.20503209,18.17501277,0.101236732,149.5061063,0.281889899,4.408247423,0.96545318
0,8.399124146,668.7866295,25.86090929,3.510394007,12.86976627,0.223068889,125.7508735,0.431082514,3.939902166,0.972094672
0,18.79312134,1233.61629,35.12287417,2.285252006,5.438376939,0.058231955,135.7646771,0.210193738,4.386619374,0.961115127
0,13.25604248,955.1041805,30.90475984,2.735194542,7.731126325,0.08625284,165.4101843,0.258797044,5.05388941,0.956615382
0,7.056350708,560.9453287,23.68428442,3.717312457,14.16331822,0.122941541,218.5579522,0.312643641,5.576143451,0.944348952
0,6.037521362,455.6561255,21.34610329,3.904165552,15.58546357,0.087549023,124.2613358,0.260829807,4.22120098,0.961063723
0,7.30305481,533.6349902,23.10054091,3.570537658,13.17522644,0.239992265,81.98381877,0.448384568,3.182847896,0.978047385
0,14.59744263,908.384526,30.13941814,2.486920545,6.512311349,0.115190882,132.7705529,0.301776267,4.502283654,0.961761861
0,17.8188324,1054.360771,32.47092192,2.251392061,5.416713809,0.09208684,123.8595964,0.267985708,4.296801202,0.963444585
0,23.26179504,1232.900742,35.11268634,1.953760635,4.17477677,0.063351729,133.539743,0.219872998,4.664726165,0.957974222
1,5.171203613,784.1244325,28.00222192,5.935283159,36.78618438,0.001586935,93.5952381,0.033187286,5.935897436,0.970350338
1,3.359558105,566.90778,23.80982528,7.686397945,61.77621374,0.001918828,219.6023077,0.036516188,9.41,0.945171248
1,2.078048706,256.5019181,16.01567726,8.590158521,80.31282679,0.028151336,482.9785661,0.143969633,9.019955654,0.914349649
0,17.76571655,1488.724647,38.58399469,2.641780677,7.416733871,0.134640167,136.8884088,0.328372001,5.056350365,0.97842681
1,19.85404968,1614.830626,40.18495522,2.591256755,6.982732526,0.002936454,181.5025862,0.045264507,6.936128527,0.943518908
1,16.00057983,1404.383177,37.47510076,2.90675882,8.775457565,0.002162593,162.6693487,0.038757848,6.192911877,0.954496989
0,14.49136353,1115.298903,33.39609113,2.792330625,8.090985002,0.066818911,157.6120683,0.226351657,6.063249727,0.966262087
0,6.989135742,626.4178557,25.02834105,4.071758655,17.08560624,0.112641941,151.0357375,0.298429221,5.976868096,0.970666508
1,10.49253845,1035.774528,32.18345115,3.523061681,12.82687259,0.002431455,191.6810513,0.041098765,6.424075276,0.893413542
0,17.59492493,1224.619802,34.99456818,2.374147084,5.810563997,0.066543103,179.3647121,0.225151315,4.059699508,0.951368741
0,10.78651428,785.0667571,28.01904276,2.973596088,9.065326354,0.09552443,153.2113501,0.27298758,4.182334096,0.957463465
0,5.257415771,448.4777474,21.1772932,4.330853213,19.014619,0.093669693,127.9146199,0.270107112,4.106432749,0.966278351
0,7.177856445,597.2018463,24.43771361,3.704472173,13.89454568,0.1114596,106.2076379,0.295827195,3.221216407,0.973605696
1,9.009887695,1433.538737,37.8621016,4.708435439,23.10431126,0.001599979,148.4670495,0.033351151,5.844681433,0.973226197
0,14.20219421,842.158179,29.01996173,2.434854106,6.160252765,0.077858732,96.95345878,0.244966358,3.312663229,0.964819404
0,10.02609253,664.7297676,25.7823538,2.937524154,8.845311819,0.075166143,123.2932775,0.240608766,3.937535707,0.955539437
0,4.696151733,348.5503208,18.66950243,4.274215228,18.56189918,0.114490345,171.567597,0.300815813,4.571946357,0.943940816
0,7.055725098,578.6817078,24.05580404,3.787437108,14.63536134,0.111147163,118.6981838,0.295875032,3.46207265,0.971363069
1,10.59169006,1513.750372,38.90694503,4.219643491,18.73148832,0.003761691,226.439442,0.051449825,6.923060664,0.958032816
1,11.68884277,1671.079113,40.87883454,4.140525857,18.08804218,0.002495086,167.2536178,0.041802474,6.757142857,0.976252624
1,15.13829041,1668.566436,40.84808975,3.797471875,16.15312383,0.003557185,149.5822953,0.0498418,5.685419645,0.980546058
0,2.367599487,91.27822229,9.553963695,4.41755004,19.93429427,0.119965397,27.51594678,0.306285672,1.926735921,0.967148324
0,2.768844604,101.3517127,10.06735878,3.995753917,16.32131101,0.186978995,23.71281646,0.390365234,1.489978903,0.972303744
0,4.296356201,145.1303107,12.04700422,3.16053584,10.29118256,0.189579392,27.97654258,0.393367667,1.705932347,0.966906964
0,3.360656738,129.5556231,11.38225035,3.821324633,15.10975711,0.104156892,48.28075881,0.28556622,2.771815718,0.946236516
0,22.71141052,1133.055143,33.66088446,1.919386923,4.026807838,0.060649185,102.6536155,0.214770187,4.348589065,0.964069977
0,18.82687378,1052.203703,32.43768955,2.127373968,4.811497837,0.082092814,109.8055671,0.25184305,3.954677152,0.964327367
0,14.27661133,849.4860803,29.14594449,2.45529463,6.29399447,0.09185678,125.1969611,0.267449268,4.6113327,0.958311299
0,9.733795166,646.0743051,25.41799176,3.023097687,9.418475846,0.09757217,214.4367548,0.276268756,6.093411026,0.930512333
0,3.719146729,273.8338829,16.54792685,4.961717908,25.6099552,0.17442521,291.5692641,0.377315238,7.135642136,0.909849114
0,9.285873413,873.7387646,29.55907246,3.494991553,12.52574267,0.287337148,144.1413347,0.494784529,3.069706499,0.976571831
0,7.380554199,797.9631411,28.24824138,4.137496894,17.34515289,0.101308598,180.6926437,0.281474378,4.421806745,0.971652669
1,4.856613159,582.2490262,24.12983685,5.552020499,31.91299942,0.001663748,161.3645508,0.033986175,6.40443982,0.96603576
0,6.322128296,561.574002,23.69755266,4.148946655,17.55575375,0.088488017,101.0990551,0.262148667,4.254480287,0.977559507
1,5.723388672,508.4786212,22.54947053,4.795526004,26.17817149,0.003970179,112.6474299,0.05266891,6.153037383,0.954507887
0,11.80517578,636.4148318,25.22726366,2.566820114,6.88316492,0.110035561,93.63013612,0.294342369,3.791832858,0.962765745
0,6.634460449,378.0796723,19.44427094,3.460094038,12.41784754,0.112405663,110.0756528,0.297869565,4.4656298,0.95196286
0,1.360122681,78.23637029,8.845132576,7.29917648,55.70316932,0.227872898,115.3273596,0.436012959,4.309438471,0.935438273
0,13.15731812,1420.345734,37.6874745,3.182064323,10.37830833,0.231131634,272.2806818,0.439295639,4.348538961,0.968514915
1,10.29090881,463.1891882,21.5218305,3.330403459,13.61630379,0.02832948,55.0976686,0.144246196,3.329359852,0.96735363
1,7.76763916,504.9678565,22.47148986,3.949510963,17.48505055,0.004364189,34.14516129,0.055133279,3.315668203,0.982781944
1,4.861053467,315.6277741,17.76591608,4.62645515,23.3551229,0.061674831,76.32175111,0.215811081,2.806979948,0.969845438
0,1.401657104,49.79641705,7.05665764,5.300767389,28.5525763,0.274211104,51.19303279,0.481847467,2.218032787,0.929908331
0,4.179321289,173.359495,13.16660529,3.511991186,12.7715771,0.316996787,21.08154235,0.522066511,1.357142857,0.982213057
0,9.336349487,282.8588566,16.81840827,2.209120489,5.259170077,0.117570719,29.76686508,0.304623802,2.218849206,0.968817232
0,5.463287354,331.6865568,18.21226391,3.683146378,13.81169451,0.133985013,72.44130627,0.326698601,2.764594629,0.968933782
1,5.401229858,448.4272869,21.17610179,4.541662154,22.45757418,0.10935945,123.9836601,0.293768866,4.235122119,0.969018395
0,17.2237854,745.462619,27.30316134,2.015174289,4.348895406,0.063946124,98.47447593,0.220383277,3.461859472,0.948622595
0,15.44198608,724.5126635,26.9167729,2.15816016,4.882726391,0.062238612,118.097,0.217136524,3.891555556,0.939302228
0,11.43287659,603.8207349,24.57276409,2.571460258,6.865531901,0.087488081,131.6428865,0.2604729,4.488018622,0.941169661
0,6.740112305,375.9667953,19.38986321,3.329640561,11.43147989,0.105075166,151.4610684,0.28746499,5.273999606,0.929487742
0,1.475738525,85.55851039,9.249784343,6.891268709,49.1618771,0.202830432,199.8980464,0.409303327,5.758852259,0.891941704
0,6.483642578,552.8970232,23.51376242,3.925870176,15.61691544,0.141788737,174.0867647,0.336812994,3.576176471,0.960287228
1,15.66487122,1186.771639,34.44955208,2.656828114,7.329898736,0.037934814,173.8375944,0.167968091,4.7865433,0.950868007
0,5.568756104,377.4891111,19.42907901,3.982930298,16.51100601,0.247264837,77.0191291,0.455877339,2.514466981,0.974442248
0,8.679672241,535.8046252,23.14745397,3.14505912,10.37872421,0.184785466,82.33877234,0.389171161,3.100091827,0.972322302
0,23.37072754,1207.08966,34.74319589,1.968054118,4.26160417,0.053912032,140.8181818,0.202022416,3.767736185,0.953267518
0,22.22076416,1178.247788,34.32561417,2.020023873,4.416069997,0.048923505,152.2898256,0.191878119,3.674612403,0.945654122
0,14.1089325,818.8319718,28.6152402,2.472756741,6.387902123,0.065343452,136.5972814,0.223276483,3.858342217,0.948160226
0,7.306900024,674.3187816,25.96764875,3.915002567,15.63298195,0.087607685,212.7614764,0.260994141,5.305210918,0.955106656
1,3.70425415,475.7465569,21.81161518,6.290616394,40.86115833,0.002107955,91.23846154,0.038256912,5.258241758,0.940951049
1,15.97277832,1139.408216,33.75512133,2.674927417,7.543475333,0.003487924,118.573227,0.049270965,5.488475177,0.924975611
0,22.25421143,1342.464233,36.63965383,2.106304968,4.743784302,0.059024963,144.1707807,0.211897667,4.949528397,0.96034218
0,19.09094238,1252.393638,35.38917402,2.297886253,5.530486571,0.062799211,139.6580796,0.218825752,4.836533958,0.962638903
0,7.969451904,596.2458134,24.41814517,3.714233931,14.49090443,0.086499384,194.211777,0.259520782,6.803960396,0.949237608
0,1.82774353,86.90486349,9.322277806,6.639859284,49.99206482,0.143684203,84.53418124,0.339938265,4.091017488,0.934855403
0,4.491531372,272.5594724,16.50937529,4.301850356,20.01076025,0.139358976,97.54552611,0.334000802,3.467856206,0.958619203
0,6.781799316,361.7312773,19.0192344,3.385163535,12.21391301,0.21027547,73.76076688,0.417285337,2.789663795,0.965401698
0,11.72808838,643.4388435,25.36609634,2.571545082,6.829883389,0.068036129,130.6970414,0.22761009,4.012573964,0.939584725
0,7.384170532,459.6476949,21.43939586,3.267385449,10.92606897,0.109022112,162.0441801,0.292655888,4.374681393,0.935781642
0,3.893081665,249.4630836,15.79440039,4.445732574,20.20789371,0.092824373,92.12332952,0.268645961,3.869033982,0.958599368
0,5.40335083,370.2332616,19.24144645,3.903107016,15.60787277,0.306102511,81.74207146,0.51226007,2.737454837,0.973228704
1,19.48269653,1642.617036,40.52921213,3.0122255,10.23461577,0.018357844,141.5827465,0.115625332,5.33471831,0.973332923
1,7.192230225,931.2805366,30.51688937,4.880938852,25.20132479,0.003393388,108.3528455,0.04870402,5.701897019,0.976399838
1,3.731948853,493.738908,22.22023645,6.700836712,47.76598371,0.002138322,76.81932773,0.038534102,5.460084034,0.979232507
0,12.65919495,692.7330937,26.31982321,2.485072041,6.414908954,0.085610038,77.38114316,0.257250088,3.144497863,0.967852017
0,8.361038208,496.2003174,22.27555426,3.036942122,9.454096374,0.105293127,98.21053615,0.287145273,3.561367458,0.959186797
0,3.502578735,235.4339064,15.34385566,4.668008997,22.11187186,0.192729151,169.295909,0.397768003,4.36727206,0.936820632
0,8.490264893,597.5457399,24.44474872,3.309853682,11.33815495,0.186362461,109.0717594,0.390787213,3.32466477,0.970245988
1,20.22216797,1499.889005,38.7284005,2.646499485,7.840706984,0.030617038,101.9590154,0.15070236,4.752188809,0.976663016
0,5.23046875,345.870583,18.59759616,3.907901705,15.55878178,0.080542409,200.8715278,0.249204761,4.942866162,0.915513574
0,8.13130188,549.4138415,23.43957853,3.342622236,11.64384551,0.245003058,75.76750944,0.453504537,2.781749491,0.977450135
0,11.89523315,722.9925295,26.8885204,2.690798984,7.614089584,0.153111968,79.45992014,0.351576348,3.290422552,0.975597442
0,15.8807373,887.9358359,29.79825223,2.235326036,5.449844405,0.193060716,65.89963195,0.398285022,3.006538212,0.980225717
0,3.844009399,251.565584,15.86081915,4.468622217,20.26207161,0.131390471,71.62437276,0.323271711,2.892831541,0.971315279
0,4.690155029,285.1487812,16.88634896,3.923746936,15.73454763,0.269254832,48.67368893,0.477244427,2.044598835,0.979863335
1,7.345993042,675.5914478,25.99214204,4.07626509,17.54308966,0.002026377,74.13940371,0.037507671,4.748186946,0.962209008
0,7.131103516,471.3460508,21.71050554,3.553431724,13.23471823,0.218617054,84.24713209,0.426271254,3.183546378,0.972989952
0,10.84017944,669.3304372,25.87142124,2.906066929,8.874614303,0.142870537,79.26449231,0.33880599,3.512861538,0.975497687
0,7.273880005,527.8715285,22.97545491,3.526047037,12.85073394,0.3164328,62.14838812,0.521690875,2.309576485,0.982825292
0,13.12268066,887.5286749,29.79141948,2.698711912,7.801326,0.197808524,116.0310078,0.403790696,3.730392157,0.971356394
1,13.75675964,1460.174185,38.21222559,3.479543182,12.94195768,0.001035367,149.7621359,0.026803497,6.808635667,0.964161606
0,3.44090271,126.9945775,11.26918708,3.797160569,15.04356834,0.164287183,32.60502959,0.364729061,2.220625528,0.964841228
0,5.978927612,205.5717674,14.33777414,3.042129739,10.1212918,0.138490771,41.38918985,0.332963838,2.493843881,0.958604255
0,8.386566162,260.0536578,16.12617927,2.427179396,6.386530122,0.109187248,38.96909072,0.293078456,2.568011009,0.95879588
0,4.734130859,150.7490809,12.27799173,3.068011044,9.757218125,0.067961038,39.50770098,0.227246958,2.74849737,0.940508944
0,1.924697876,62.05668038,7.87760626,4.704036986,23.36422812,0.065187477,52.16393443,0.223088831,3.359094457,0.906418513
1,4.037521362,508.0428116,22.53980505,5.980248328,36.86924688,0.01873541,373.3480519,0.116901153,7.276190476,0.922283581
0,2.465042114,74.60684288,8.637525275,3.96281943,16.10257222,0.113101107,18.60362173,0.296989555,1.678873239,0.967586776
0,2.961486816,76.19075771,8.728731735,3.505208547,12.80879973,0.146042613,17.4632403,0.341621753,1.474132063,0.963785646
1,7.48890686,277.2354768,16.65038969,3.004280888,9.825255317,0.015020572,28.67117794,0.103517807,2.459816207,0.964722949
1,6.569030762,295.6392354,17.19416283,3.340536648,11.93389584,0.023342474,22.91201388,0.130411252,2.378381137,0.980630778
1,3.34928894,167.3711148,12.93719888,4.677813513,23.70626257,0.027690365,43.58881064,0.14201595,3.010172144,0.963281727
0,5.333435059,337.1611964,18.36194969,3.882230441,15.40597319,0.122537413,62.33647409,0.311643401,2.927845276,0.975934108
0,13.99501038,762.3725838,27.6110953,2.424901325,6.195945388,0.106260986,82.66080094,0.288971473,3.665653495,0.97137652
0,14.73556519,831.999061,28.84439393,2.464447452,6.424571452,0.08526295,108.4798335,0.257351012,4.394472898,0.965102856
0,17.86251831,932.9980042,30.54501603,2.222542245,5.366947874,0.087097093,133.3725892,0.260325103,5.022315264,0.956870204
0,10.30363464,694.0872608,26.34553588,3.056719702,9.685849235,0.080825081,152.5186555,0.250159705,5.095630252,0.954189927
0,5.891799927,512.2417121,22.6327575,4.175179364,17.73901546,0.100416513,101.4946706,0.280363368,3.806744714,0.975528649
0,7.77835083,610.7260182,24.71287151,3.487224888,12.47115882,0.287619549,99.56009783,0.494983148,2.655310971,0.97679318
0,5.127258301,321.2599557,17.92372605,3.911315773,15.83628598,0.259007042,59.90863567,0.467516723,2.545324476,0.976922929
0,10.20146179,522.8630396,22.86619863,2.656799856,7.427609502,0.133097871,94.97520661,0.325996003,3.44142726,0.957387254
1,1.243713379,164.5158186,12.826372,11.25575888,134.0430433,0.005874881,444.5369822,0.064123422,9.474852071,0.893239154
1,4.432220459,451.2868879,21.24351402,5.908762358,39.6267185,0.003412097,226.3098901,0.048834971,6.525902669,0.941908948
0,14.68341064,634.6985999,25.19322528,2.242826308,5.548749066,0.054252362,76.7137218,0.202504083,3.692105263,0.962415375
0,13.26243591,572.3228472,23.92326999,2.30791498,5.688905755,0.054257502,81.14350329,0.202347273,3.622738487,0.956829249
0,12.38674927,549.5952943,23.44344886,2.362192415,5.885516039,0.070514741,68.19473868,0.232339242,3.441741357,0.961246627
0,9.744506836,473.1329968,21.75162055,2.657219541,7.30356126,0.082393666,86.52089704,0.25197084,3.601863987,0.952248119
0,1.462158203,84.43818194,9.189025081,6.872795103,48.67925023,0.284779909,183.952381,0.492474016,5.125776398,0.896361718
0,11.07920837,705.4111779,26.55957789,2.943927677,9.138057349,0.142726264,82.06252308,0.338658164,3.630523077,0.976071776
0,14.20195007,826.1126723,28.74217585,2.503593277,6.704059414,0.115418298,91.93575851,0.302292423,4.198031844,0.971337409
1,9.388290405,647.3307179,25.44269479,3.349805677,12.43177057,0.116086255,97.77777778,0.303217932,3.548136372,0.971806863
1,20.09651184,1241.630949,35.23678404,2.546484754,7.677340557,0.070669304,123.6103282,0.233085292,4.625482625,0.969678398
1,18.25309753,1346.231378,36.69102585,2.813953135,8.915196473,0.006857941,119.4619697,0.069670326,5.092727273,0.95979092
0,7.512817383,512.0157654,22.62776536,3.516810421,12.98575836,0.111457721,221.3769345,0.296813898,5.698325207,0.92905425
0,1.017852783,59.43177274,7.709200525,8.099531095,68.47379668,0.221732775,227.5638889,0.429574001,5.69537037,0.875142003
0,5.960403442,350.2219187,18.71421702,3.510135063,12.79028723,0.261207316,73.22045012,0.469751047,2.931596668,0.969806201
0,9.938323975,482.9577979,21.97630082,2.738212927,8.29970109,0.13300494,90.68053192,0.326082852,3.659544968,0.955815698